中文,英文,页码,缩写
2 ，3-二磷酸甘油酸,2，3-diphosphoglycerate,154,['2，3-DPG']
4 期自动去极化,phase 4 spontaneous depolarization,93,无
5-羟色胺,5-hydroxytryptamine,"251, 297",5-HT
α2-抗纤溶酶,α2-antiplasmin,73,α2-AP
α僵直,α-rigidity,313,无
α阻断,alpha block,327,无
β-内啡肽,β-endorphin,127,无
γ-氨基丁酸,gamma aminobutyric acid,252,GABA
γ僵直,γ-rigidity,312,无
Ca2+释放通道,calcium release channel,26,无
Ca2+-CaM 依赖性蛋白激酶,Ca2+/CaM-dependent protein kinase,26,CaMK
cAMP 激活的交换蛋白,exchange protein activated by cAMP,26,EPAC
CO2解离曲线,carbon dioxide dissociation curve,156,无
C 肽,C peptide,373,无
C 型利尿钠肽,C-type natriuretic peptide,127,CNP
G 蛋白,G protein,24,无
G 蛋白耦联受体,G protein-coupled receptor,23,GPCR
G 蛋白效应器,G protein effector,24,无
Hb 氧饱和度,oxygen saturation of Hb,152,无
Hb 氧含量,oxygen content of Hb,152,无
Hb 氧容量,oxygen capacity of Hb,152,无
IP3受体,IP3 receptor,26,IP3R
K+平衡电位,K+ equilibrium potential,30,EK
L 管,L tubule,44,无
L 型钙电流,L-type calcium current,92,I Ca-L
L 型钙通道,L-type calcium channel,45,无
Mas 相关 G 蛋白耦联受体,Mas-related G-protein-coupled receptor,251,Mrgpr
N2型 ACh 受体阳离子通道,N2-ACh receptor cation channel,43,无
Na+-Ca2+交换电流,Na+-Ca2+ exchange current,92,INa-Ca
Na+-Cl-共转运体,Na+-Cl-cotransporter,222,NCC
Na+平衡电位,Na+ equilibrium potential,30,ENa
Na+-葡萄糖耦联转运体,sodium-glucose linked cotransporter,225,SGLT
PR 段,P-R segment,103,无
PR 间期,P-R interval,103,无
P 波,P wave,102,无
P 物质,substance P,251,SP
QRS 波群,QRS complex,103,无
QT 间期,Q-T interval,103,无
ST 段,S-T segment,104,无
Toll 样受体,Toll-like receptor,251,TLR
T 波,T wave,103,无
T 管,T tubule,44,无
T 型钙电流,T-type calcium current,94,I Ca-T
U 波,U wave,103,无
阿尔茨海默病,Alzheimer ’s disease,296,AD
阿米洛利,amiloride,278,无
阿片肽,opioid peptide,127,无
阿托品,atropine,296,无
氨基甲酰血红蛋白,carbaminohemoglobin,154,无
胺类激素,amine hormone,340,无
暗电流,dark current,261,无
暗视觉,scotopic vision,260,无
暗适应,dark adaptation,265,无
巴宾斯基征,Babinski sign,318,无
白蛋白尿,albuminuria,216,无
白三烯,leukotriene,379,无
白体,corpus albicans,388,无
白细胞,leukocyte； white blood cell,54,WBC
半规管,semicircular canal,274,无
胞膜受体,membrane receptor,22,无
胞内分泌,intracrine,23,无
饱中枢,satiety center,202,无
保钾利尿剂,potassium sparing diuretic,225,无
背侧呼吸组,dorsal respiratory group,157,DRG
背根神经节,dorsal root ganglia,246,DRG
被动转运,passive transport,15,无
本能行为,instinctual behavior,324,无
本体感觉,proprioception,249,无
本体感受性反射,proprioceptive reflex,162,无
比奥呼吸,Biot breathing,157,无
比顺应性　,specific compliance,140,无
闭环系统,closed-loop system,10,无
壁细胞,parietal cell,171,无
避孕,contraception,399,无
编码,coding,244,无
变力状态,inotropic state,86,无
表面活性物质蛋白,surfactant-associated protein,141,SP
表面张力,surface tension,140,无
表皮生长因子,epidermal  growth factor,177,EGF
表现型,phenotype,75,无
波尔效应,Bohr effect,153,无
搏出量储备,stroke volume reserve,83,无
补充运动区,supplementary motor area,318,无
补呼气量,expiratory reserve volume,144,ERV
补吸气量,inspiratory reserve volume,144,IRV
不感蒸发,insensible evaporation,208,无
不完全强直收缩,incomplete tetanus,49,无
餐后碱潮,postprandial alkaline tide,172,无
苍白球,globus pallidus,314,无
侧向抑制,lateral inhibition,245,无
产热,heat production,206,无
长度常数,length constant,40,无
长度- 张力关系曲线,length-tension relation curve,48,无
长反馈,long-loop feedback,346,无
长期调节,long-term regulation,128,无
长时程记忆,long-term memory,333,无
长时程抑制,long-term depression,292,LTD
长时程增强,long-term potentiation,291,LTP
长吸式呼吸,apneusis,157,无
长吸中枢,apneustic center,157,无
肠道微生态,intestinal microecology,193,无
肠肝循环,enterohepatic circulation,182,无
肠激酶,enterokinase,180,无
肠泌酸素,entero-oxyntin,175,无
肠屏障,intestinal barrier,194,无
肠神经系统,enteric nervous system,167,ENS
肠嗜铬样细胞,enterochromaffin-like cell,171,ECL cell
肠- 胃反射　,entero-gastric reflex,177,无
肠- 胰岛轴　,enteroinsular axis,377,无
肠抑胃素,enterogastrone,177,无
超常期,supranormal period,96,SNP
超短反馈,ultrashort-loop feedback,346,无
超极化,hyperpolarization,29,无
超极化激活的环核苷酸门控阳离子通道,hyperpolarization-activated cyclic nucleotide-gated cation channel,25,HCN
超滤液,ultrafiltrate,218,无
超射,overshoot,31,无
超声心动图,echocardiography,88,无
超速驱动阻抑,overdrive suppression,100,无
潮气量,tidal volume,144,TV
陈- 施呼吸　,Cheyne-Stokes respiration,157,无
陈述性记忆,declarative memory,332,无
成分输血,blood components transfusion,77,无
成瘾,addiction,326,无
惩罚系统,punishment system,325,无
弛缓性瘫痪,flaccid paralysis,318,无
冲动,impulse,37,无
重调定,resetting,123,无
重摄取,reuptake,289,无
重吸收,reabsorption,117,无
出胞作用,exocytosis,20,无
出汗,sweating,208,无
出血时间,bleeding time,66,无
初步止血,primary hemostasis,67,无
初级卵泡,primary follicle,387,无
初级运动皮层,primary motor cortex,317,无
初长度,initial length,48,无
触点,touch point,246,无
触觉阈,tactile sensation threshold,248,无
传导,conduction,37,无
传导性,conductivity,90,无
传导性失语症,conduction aphasia,335,无
传入侧支抑制,afferent collateral inhibition,302,无
喘息中枢,gasping center,157,无
串话,cross-talk,23,无
雌二醇,estradiol,2,E
雌激素,estrogen,388,无
雌酮,estrone,1,E
次级卵泡,secondary follicle,387,无
次级运动皮层,secondary motor cortex,317,无
刺激,stimulus,36,无
促红细胞生成素,erythropoietin,59,EPO
促激素,trophic hormone,349,无
促甲状腺激素受体,TSH receptor,362,无
促代谢型受体,metabotropic receptor,23,无
促离子型受体,ionotropic receptor,23,无
促生长激素释放素,ghrelin,202,无
促食欲素,orexin,202,无
促胃液素,gastrin,175,无
促胃液素释放肽　,gastrin-releasing peptide,173,GRP
促胰酶素,pancreozymin,181,PZ
大小原则,size principle,49,无
代偿间歇,compensatory pause,97,无
单纯扩散,simple diffusion,14,无
单个单位平滑肌,single-unit smooth muscle,50,无
单核吞噬细胞系统,mononuclear  phagocyte  system,62,无
单核细胞,monocyte,61,无
单收缩,single twitch,49,无
单突触反射,monosynaptic reflex,299,无
单线式联系,single-line connection,299,无
单向传播,one-way conduction,300,无
单眼视觉,monocular vision,266,无
胆钙化醇,cholecalciferol,365,无
胆碱能神经元,cholinergic neuron,295,无
胆碱能受体,cholinergic receptor,295,无
胆碱能系统,cholinergic system,295,无
胆碱能纤维,cholinergic fiber,295,无
胆汁,bile,181,无
蛋白激酶,protein kinase,25,无
蛋白激酶A,protein kinase A,25,PKA
蛋白激酶C,protein kinase C,25,PKC
蛋白激酶G　,protein kinase G,27,PKG
蛋白磷酸化,protein phosphorylation,25,无
蛋白磷酸酶,protein phosphatase,25,无
蛋白酶活化受体2,protease activated receptor2,251,无
蛋白尿,proteinuria,216,无
蛋白质C,protein C,71,PC
等容收缩期,isovolumic contraction period,80,无
等容舒张期,isovolumic relaxation period,81,无
等渗溶液,iso-osmotic solution,55,无
等张溶液,isotonic solution,55,无
等张收缩,isotonic contraction,48,无
等长收缩,isometric contraction,48,无
低渗尿,hypoosmotic urine,227,无
低氧,hypoxia,163,无
低氧诱导因子-1,hypoxia-inducible  factor-1,60,HIF-1
递质共存,neurotransmitter co-existence,293,无
第二信使,second messenger,24,无
第二信使学说,second  messenger  hypothesis,342,无
碘捕获,iodide trap,357,无
碘阻滞效应,iodine blocking effect,363,无
电- 化学驱动力　,electrochemical  driving force,29,无
电- 机械耦联　,electromechanical coupling,51,无
电紧张电位,electrotonic potential,40,无
电紧张耦联,electrotonic coupling,286,无
电突触,electrical synapse,285,无
电压门控通道,voltage-gated ion channel,15,无
电压钳,voltage clamp,33,无
电阈,electrical threshold,166,无
定比重吸收,constant fraction reabsorption,226,无
定向突触,directed  synapse； targeted  synapse,286,无
动机,motivation,326,无
动静脉短路,arterio-venous shunt,116,无
动脉脉搏,arterial pulse,112,无
动脉血压,arterial blood pressure,109,无
动作电位,action potential,31,无
动作电位时程,action  potential duration,91,APD
窦性节律,sinus rhythm,99,无
毒蕈碱受体,muscarinic  receptor,296,M  receptor
毒蕈碱样作用,muscarine-like action,296,无
短反馈,short-loop feedback,346,无
短期调节,short-term regulation,128,无
短时程记忆,short-term memory,332,无
对比色学说,opponent color theory,262,无
对侧伸肌反射,crossed-extensor reflex,310,无
多巴胺,dopamine,297,DA
多个单位平滑肌,multiunit smooth muscle,50,无
多觉型感受器,polymodal receptor,249,无
多肽或蛋白质类激素,polypeptide and protein hormone,340,无
多突触反射,polysynaptic reflex,299,无
多纤维总和,multiple fiber summation,49,无
多形核白细胞,polymorphonuclear leukocyte,61,无
恶性高热,malignant hyperthermia,48,无
恶性循环,vicious cycle,11,无
儿茶酚胺,catecholamine,296,无
耳蜗,cochlea,268,无
耳蜗内电位,endocochlear potential,272,EP
耳蜗微音器电位,cochlear microphonic potential,272,CMP
二碘酪氨酸,diiodotyrosine,357,DIT
二价金属转运体1　,divalent metal transporter1　,190,无
二联体,diad,45,无
二期止血,secondary hemostasis,67,无
二酰甘油,diacylglycerol,25,DG
发绀,cyanosis,152,无
发怒,rage,325,无
发生器电位,generator potential,243,无
发育,development,400,无
反极化,reverse polarization,29,无
反馈,feedback,10,无
反牵张反射,inverse stretch reflex,311,无
反射,reflex,9,无
反射运动,reflex movement,308,无
反向定型,reverse typing,75,无
反向转运,antiport,20,无
反向转运体,antiporter,20,无
防御反应,defense reaction,325,无
房室延搁,atrioventricular delay,98,无
放置反应,placing response,319,无
非陈述性记忆,nondeclarative memory,332,无
非弹性阻力,inelastic resistance,142,无
非蛋白呼吸商,non-protein respiratory quotient,199,NPRQ
非定向突触,non-directed synapse； non-targeted synapse,286,无
非基因组效应,nongenomic effect,343,无
非联合型学习,nonassociative learning,332,无
非特异性投射系统,non-specific projection system,305,无
非条件反射,unconditioned reflex,299,无
非突触性化学传递,non-synaptic chemical transmission,288,无
非战栗产热,non-shivering thermogenesis,207,无
肺表面活性物质,pulmonary surfactant,141,无
肺换气,gas exchange in lungs,147,无
肺活量,vital capacity,144,VC
肺扩张反射,pulmonary inflation reflex,162,无
肺内压,alveolar pressure； intrapulmonary pressure,136,无
肺泡通气量,alveolar ventilation,146,无
肺泡无效腔,alveolar dead space,146,无
肺牵张反射,pulmonary stretch reflex,161,无
肺容积,pulmonary volume,144,无
肺容量,pulmonary capacity,144,无
肺通气,pulmonary ventilation,135,无
肺通气量,pulmonary ventilation volume,145,无
肺萎陷反射,pulmonary deflation reflex,162,无
肺循环,pulmonary circulation,131,无
肺总量,total lung capacity,145,TLC
分节运动,segmentation,183,无
分泌,secretion,220,无
分娩,parturition,396,无
分压,partial pressure,147,无
分子伴娘,molecular chaperone,27,无
分子开关,molecular switch,24,无
锋电位,spike potential,32,无
缝隙连接,gap junction,38,无
呋塞米,furosemide,222,无
辐辏反射,convergence reflex,255,无
辐散式联系,divergent connection,299,无
辅脂酶,colipase,180,无
负反馈,negative feedback,10,无
复极化,repolarization,29,无
复视,diplopia,266,无
复制性衰老,replicative senescence,408,无
副交感神经系统,parasympathetic nervous system,319,无
腹侧呼吸组,ventral respiratory group,157,VRG
腹式呼吸,abdominal breathing,136,无
腹下神经,hypogastric nerve,239,无
钙泵,calcium pump,19,无
钙调蛋白,calmodulin,26,CaM
钙调节激素,calcium regulating hormone,363,无
钙调磷酸酶,calcineurin,26,无
钙火花,calcium spark,26,无
钙结合蛋白,calcium-binding protein,26,CaBP； calbindin
钙三醇,calcitriol,341,无
钙致钙释放,calcium-induced calcium release,47,CICR
甘氨酸,glycine,252,Gly
肝功能不全,hepatic insufficiency,186,无
肝衰竭,hepatic failure,186,无
肝素,heparin,72,无
感觉,sensation,242,无
感觉单位,sensory unit,244,无
感觉器官,sense organ,242,无
感觉失语症,sensory aphasia,335,无
感觉运动区,sensorimotor area,306,无
感觉柱,sensory column,306,无
感受器,sensory receptor,242,无
感受器电位,receptor potential,243,无
感受野,receptive field,244,无
高频通气,high frequency ventilation,146,HFV
高渗尿,hyperosmotic urine,226,无
睾酮　,testosterone,385,无
格斗- 逃避反应,fight or flight reaction,325,无
工作细胞,working cell,90,无
功能性合胞体,functional syncytium,98,无
功能性作用,functional action,283,无
功能余气量,functional residual capacity,144,FRC
孤束核,nucleus tractus solitarii,122,NTS
骨传导,bone conduction,268,无
骨钙素,osteocalcin,381,OCN
骨泌素,osteocrin,381,无
骨桥蛋白,osteopontin,381,OPN
骨吸收,bone resorption,364,无
骨形成,bone formation,364,无
固醇激素,sterol hormone,341,无
冠脉血流量,coronary blood flow,129,CBF
冠脉循环,coronary circulation,129,无
管- 球反馈,tubulo-glomerular feedback,217,TGF
惯性阻力,inertial resistance,142,无
河鲀毒素,tetrodotoxin,33,TTX
核受体,nuclear receptor,27,无
褐色脂肪组织,brown adipose tissue,201,无
黑质,substantia nigra,314,无
亨廷顿病,Huntington ’s disease,315,无
亨廷顿舞蹈症,Huntington chorea,315,无
横管,transverse tubule,44,无
横桥,cross-bridge,45,无
横桥周期,cross-bridge cycle,46,无
红系集落形成单位,colony-forming unit-erythroid,56,CFU-E
红细胞,erythrocyte； red blood cell,54,RBC
红细胞沉降率,erythrocyte  sedimentation rate,58,ESR
红细胞叠连,erythrocyte rouleaux formation,58,无
红细胞渗透脆性,osmotic fragility of erythrocyte,58,无
后超极化,after-hyperpolarization,32,无
后发放,after discharge,299,无
后负荷,afterload,48,无
呼气,expiration,137,无
呼气运动,expiratory movement,136,无
呼吸,respiration,135,无
呼吸功,work of breathing,147,无
呼吸节律,respiratory rhythm,156,无
呼吸困难,dyspnea,137,无
呼吸膜,respiratory membrane,148,无
呼吸商,respiratory quotient,198,RQ
呼吸神经元,respiratory neuron,157,无
呼吸调整中枢,pneumotaxic center,157,PC
呼吸系统,respiratory system,135,无
呼吸相关神经元,respiratory-related neuron,157,无
呼吸运动,respiratory movement,136,无
呼吸中枢,respiratory center,156,无
壶腹嵴,crista ampullaris,274,无
互感性对光反射,consensual light reflex,256,无
护骨因子,osteoprotegerin,381,OPG
花生四烯酸,arachidonic acid,25,AA
化学感受器,chemoreceptor,158,无
化学感受性反射,chemoreceptor reflex,123,无
化学门控通道,chemical-gated ion channel,16,无
化学突触,chemical synapse,285,无
化学性消化,chemical digestion,165,无
环磷酸鸟苷,cyclic guanosine monophosphate,25,cGMP
环磷酸腺苷,cyclic adenosine monophosphate,24,cAMP
环氧合酶,cyclooxygenase,65,COX
缓激肽,bradykinin,127,无
缓激肽受体,bradykinin receptor,127,无
换能作用,transducer function,243,无
黄体,corpus luteum,388,无
回返式联系,recurrent connection,299,无
回返性抑制,recurrent inhibition,302,无
回射,undershoot,32,无
混合微胶粒,mixed micelle,182,无
霍尔丹效应,Haldane effect,156,无
机械门控通道,mechanically-gated ion channel,16,无
机械性消化,mechanical digestion,165,无
机械阈,mechanical threshold,166,无
肌动蛋白,actin,45,无
肌钙蛋白,troponin,45,无
肌钙蛋白C,troponin C,45,TnC
肌钙蛋白I　,troponin I,45,TnI
肌钙蛋白T　,troponin T,45,TnT
肌间神经丛,myenteric plexus,167,无
肌节,sarcomere,44,无
肌紧张,muscle tonus,311,无
肌球蛋白,myosin,45,无
肌球蛋白轻链,myosin light chain,52,MLC
肌球蛋白轻链激酶,myosin light chain kinase,51,MLCK
肌球蛋白轻链磷酸酶,MLC phosphatase,52,MLCP
肌肉素,musclin,381,无
肌肉型烟碱受体,muscle-type nicotinic receptor,296,无
肌肉抑制素　,myostatin,381,无
肌丝滑行学说,sliding filament theory,45,无
肌梭,muscle spindle,249,无
肌源性活动,myogenic activity,128,无
肌源性机制,myogenic mechanism,217,无
肌质网,sarcoplasmic reticulum,44,SR
基本单元,elementary unit,26,无
基本电节律,basic electrical rhythm,166,BER
基础代谢,basal metabolism,202,无
基础代谢率,basal metabolism rate,202,BMR
基础分泌,basic secretion,169,无
基底神经节,basal ganglia,314,无
基因表达学说,gene expression hypothesis,343,无
基因型,genotype,75,无
基因组效应,genomic effect,369,无
激动剂,agonist,293,无
激活态,activated state,36,无
激素,hormone,337,无
激素反应元件,hormone response element,27,HRE
激肽,kinin,127,无
激肽释放酶,kallikrein,127,无
激肽原,kininogen,127,无
极化,polarization,29,无
急性实验,acute experiment,4,无
集落形成单位,colony forming unit,56,CFU
集团蠕动,mass peristalsis,187,无
脊髓动物,spinal animal,309,无
脊髓小脑,spinocerebellum,316,无
脊髓休克,spinal shock,309,无
记忆,memory,332,无
继发性主动转运,secondary active transport,20,无
甲状旁腺激素,parathyroid hormone,363,PTH
甲状腺过氧化物酶,thyroid peroxidase,356,TPO
甲状腺激素,thyroid hormone,356,TH
甲状腺激素受体,thyroid hormone receptor,358,TR
甲状腺素,thyroxin,356,无
甲状腺素结合球蛋白,thyroxine  binding globulin,358,TBG
甲状腺素转运蛋白,transthyretin,358,TTR
钾漏通道,potassium leak channel,16,无
假怒,sham rage,325,无
假饲,sham feeding,174,无
间接测热法,indirect calorimetry,198,无
间接通路,indirect pathway,314,无
减慢充盈期,period of reduced filling,81,无
减慢射血期,period of reduced ejection,80,无
剪切运动,shearing motion,269,无
简化眼,reduced eye,254,无
腱反射,tendon reflex,311,无
腱器官,tendon organ,249,无
奖赏系统,reward system,325,无
降钙素,calcitonin,363,CT
降钙素基因相关肽,calcitonin gene-related peptide,127,CGRP
降压反射,depressor reflex,122,无
交叉配血试验,cross-match test,77,无
交感神经系统,sympathetic nervous system,319,无
交感缩血管紧张,sympathetic vasoconstrictor tone,121,无
交互性突触,reciprocal synapses,300,无
交互抑制,reciprocal inhibition,302,无
交换血管,exchange vessel,106,无
胶体渗透压,colloid osmotic pressure,54,无
焦虑,anxiety,325,无
接头电位,junction potential,285,无
接头后膜,postjunctional membrane,43,无
接头间隙,junctional cleft,43,无
接头前膜,prejunctional membrane,43,无
节间反射,intersegmental reflex,311,无
节律运动,rhythmic movement,308,无
拮抗剂,antagonist,293,无
拮抗作用,antagonistic action,344,无
解耦联蛋白,uncoupling protein,207,UCP
解剖无效腔,anatomical dead space,145,无
紧张性收缩,tonic contraction,177,无
近反射,near reflex,255,无
近曲小管,proximal convoluted tubule,213,无
近视,myopia,256,无
近髓肾单位,juxtamedullary nephron,214,无
经通道易化扩散,facilitated diffusion via channel,15,无
经载体易化扩散,facilitated diffusion via carrier,17,无
晶体渗透压,crystal osmotic pressure,54,无
精氨酸升压素,arginine vasopressin,231,AVP
精液,semen,384,无
精子,spermatozoon,384,无
精子发生,spermatogenesis,383,无
精子细胞,spermatid,384,无
颈黏液细胞,neck mucous cell,171,无
痉挛性瘫痪,spastic paralysis,318,无
竞争性抑制,competitive inhibition,18,无
竞争作用,competitive action,344,无
静态顺应性,static compliance,140,无
静息电位　,resting potential,29,无
静息膜电位,resting membrane potential,29,无
静息态,resting state,36,无
静止性震颤,static tremor,315,无
局部电流,local current,37,无
局部电位,local potential,41,无
局部反应期,local response period,95,LRP
局部回路神经元,local circuit neuron,300,无
局部神经元回路,local neuronal circuit,300,无
咀嚼,mastication,170,无
巨核细胞,megakaryocyte,66,无
巨人症,gigantism,349,无
巨噬细胞,macrophage,62,无
巨幼细胞贫血,megaloblastic anemia,59,无
聚合式联系,convergent connection,299,无
觉醒,wakefulness,328,无
绝对不应期,absolute refractory period,39,ARP
绝经期,menopause,392,无
卡哈尔间质细胞,interstitial cell of Cajal,166,ICC
抗利尿激素,antidiuretic  hormone,126,ADH
抗凝血酶,antithrombin,71,无
科蒂器,organ of Corti,269,无
颗粒细胞,granular cell,214,无
壳核,putamen,314,无
咳嗽反射,cough reflex,162,无
可感蒸发,sensible evaporation,208,无
可塑变形性,plastic deformation,57,无
可兴奋细胞,excitable cell,39,无
空间常数,space constant,40,无
空间总和,spatial summation,42,无
恐惧,fear,325,无
口腔温度,oral temperature,205,无
库普弗细胞,Kupffer cell,186,无
跨膜电位,transmembrane potential,28,无
跨膜信号转导,transmembrane signal transduction,22,无
快波睡眠,fast wave sleep,329,FWS
快动相,quick component,275,无
快反应细胞,fast response cell,90,无
快速充盈期,period of rapid filling,81,无
快速射血期,period of rapid ejection,80,无
快速眼动睡眠,rapid  eye movement  sleep,328,REM  sleep
快通道,fast channel,91,无
快痛,fast pain,249,无
扩散,diffusion,147,无
扩散速率,diffusion rate,147,D
扩散系数,diffusion coefficient,148,无
郎飞结,node of Ranvier,38,无
老视,presbyopia,255,无
酪氨酸激酶受体,tyrosine kinase receptor,27,TKR
雷诺丁受体,ryanodine receptor,44,RyR
雷诺数,Reynolds number,108,Re
类固醇激素,steroid hormone,340,无
类视黄醇X 受体　,retinoid X receptor,358,RXR
冷习服,cold acclimatization,211,无
离子泵,ion pump,18,无
离子通道型受体,ion channel receptor,23,无
立体视觉,stereoscopic vision,266,无
利尿钠肽,natriuretic peptide,127,NP
粒细胞,granulocyte,61,无
连接肌质网,junctional sarcoplasmic reticulum,44,JSR
连接肽,connecting peptide,373,无
联合型学习,associative learning,332,无
两点辨别阈,threshold of two-point discrimination,248,无
量子式释放,quantal release,44,无
裂孔素,nephrin,215,无
裂隙,slit,215,无
临界融合频率,critical  fusion frequency,266,CFF
淋巴系统,lymphatic system,79,无
淋巴细胞,lymphocyte,61,无
磷酸二酯酶,phosphodiesterase,24,PDE
磷酸化级联反应,phosphorylation cascade,25,无
磷脂酶A2,phospholipase A2,24,无
磷脂酶C　,phospholipase C,24,PLC
流畅失语症,fluent aphasia,335,无
硫化氢,hydrogen sulfide,2,H
氯电流,chloride current,92,ICl
氯转移,chloride shift,155,无
滤过,filtration,117,无
滤过分数,filtration fraction,218,FF
滤过膜,filtration membrane,215,无
滤过平衡,filtration equilibrium,219,无
滤过系数　,filtration coefficient,219,Kf
卵泡闭锁,follicular atresia,388,无
螺旋器,spiral organ,269,无
脉搏压,pulse pressure,111,无
慢波,slow wave,166,无
慢动相,slow component,275,无
慢反应细胞,slow response cell,90,无
慢通道,slow channel,92,无
慢痛,slow pain,249,无
慢性实验,chronic experiment,4,无
盲点,blind spot,259,无
酶联型受体,enzyme-linked receptor,26,无
每搏功,stroke work,88,无
每搏输出量,stroke volume,82,无
每分功,minute work,89,无
门控,gating,15,无
迷走- 迷走反射　,vago-vagal reflex,175,无
迷走神经背核,dorsal nucleus of vagus nerve,122,无
糜蛋白酶,chymotrypsin,180,无
糜蛋白酶原,chymotrypsinogen,180,无
面容失认症,prosopagnosia,336,无
敏感化,sensitization,291,无
明视觉,photopic vision,260,无
明适应,light adaptation,265,无
膜电位,membrane potential,28,无
膜泡运输,vesicular transport,20,无
膜片钳,patch clamp,35,无
钠碘同向转运体,sodium-iodide symporter,357,NIS
钠- 钾泵　,sodium-potassium pump,18,无
脑- 肠肽　,brain-gut peptide,169,无
脑电图,electroencephalogram,326,EEG
脑利尿钠肽,brain natriuretic peptide,127,BNP
脑桥呼吸组,pontine respiratory group,157,PRG
脑缺血反应,cerebral ischemic response,124,无
内啡肽,endorphin,251,END
内分泌,endocrine,337,无
内分泌腺,endocrine gland,337,无
内呼吸,internal respiration,135,无
内化,internalization,295,无
内环境,internal environment,7,无
内淋巴电位,endolymphatic potential,272,无
内皮舒张因子,endothelium-derived relaxing factor,126,EDRF
内皮素受体,endothelin receptor,126,ETR
内生肌酐,endogenous creatinine,237,无
内向整流,inward rectification,91,无
内因子,intrinsic factor,59,无
内源性凝血途径,intrinsic pathway,69,无
内脏感觉,visceral sense,252,无
内脏平滑肌,visceral smooth muscle,50,无
内脏痛,visceral pain,252,无
能量代谢,energy metabolism,196,无
能量代谢率,energy metabolic rate,197,无
能量平衡,energy balance,202,无
逆流倍增,countercurrent multiplication,227,无
逆流交换,countercurrent exchange,227,无
逆向运输,retrograde transport,282,无
逆行性遗忘症,retrograde amnesia,333,无
黏膜下神经丛,submucosal plexus,167,无
黏液- 碳酸氢盐屏障　,mucus-bicarbonate barrier,173,无
黏滞阻力,viscous resistance,143,无
鸟苷酸环化酶,guanylyl cyclase,27,GC
鸟苷酸结合蛋白,guanine nucleotide-binding protein,24,无
尿崩症,diabetes insipidus,231,无
尿失禁,urine incontinence,240,无
尿液的浓缩和稀释,urine  concentration  and dilution,226,无
尿潴留,urine retention,240,无
凝集,agglutination,73,无
凝集素,agglutinin,73,无
凝集原,agglutinogen,73,无
凝血酶,thrombin,69,无
凝血酶调节蛋白,thrombomodulin,71,TM
凝血酶原酶复合物,prothrombinase complex,70,无
凝血酶原时间,prothrombin time,70,PT
凝血时间,clotting time,70,CT
凝血因子,coagulation factor； clotting factor,68,无
脓,pus,62,无
呕吐,vomiting,179,无
帕金森病,Parkinson ’s disease,315,无
排便反射,defecation reflex,187,无
排卵,ovulation,388,无
排尿,micturition,238,无
排尿反射,micturition reflex,239,无
排泄,excretion,220,无
旁分泌,paracrine,9,无
配体,ligand,22,无
配体门控通道,ligand-gated ion channel,16,无
喷射性呕吐,projectile vomiting,179,无
喷嚏反射,sneezing reflex,162,无
盆神经,pelvic nerve,239,无
皮层脊髓束,corticospinal tract,318,无
皮层脑干束,corticobulbar tract,318,无
皮层小脑,cerebrocerebellum,317,无
皮层诱发电位,evoked cortical potential,328,无
皮层柱,cortical column,306,无
皮质醇,cortisol,368,无
皮质肾单位,cortical nephron,214,无
皮质酮,corticosterone,369,无
贫血,anemia,57,无
频率总和,frequency summation,49,无
平衡电位,equilibrium potential,29,无
平衡感觉,equilibrium sensation,273,无
平静呼吸,eupnea,136,无
平均动脉压,mean arterial pressure,111,无
平均诱发电位,average evoked potential,328,无
平台期,plateau,92,无
葡萄糖的最大转运率,maximal rate of glucose transport,225,无
葡萄糖转运体,glucose transporter,17,GLUT
葡萄糖转运体-2,glucose transporter-2,191,GLUT-2
期前收缩,premature systole,97,无
期前兴奋,premature excitation,97,无
起搏细胞学说,theory of pacemaker,158,无
气传导,air conduction,268,无
气道阻力,airway resistance,143,无
气味物质,odorant,276,无
气味物质受体,odorant receptor,276,无
气胸,pneumothorax,139,无
牵涉痛,referred pain,253,无
牵张反射,stretch reflex,310,无
前负荷,preload,48,无
前馈,feed-forward,11,无
前列环素,prostacyclin,2,PGI
前列腺素,prostaglandin,128,PG
前体细胞,precursor cell,56,无
前庭器官,vestibular apparatus,268,无
前庭小脑,vestibulocerebellum,316,无
前庭自主神经反应,vestibular autonomic reaction,275,无
前胰岛素原,preproinsulin,373,无
前运动皮层,premotor cortex,318,无
潜在起搏点,latent pacemaker,99,无
腔分泌,solinocrine,337,无
强啡肽,dynorphin,250,DYN
强直后增强,post-tetanic potentiation,44,PTP
抢先占领,capture,99,无
切率,shear rate,108,无
青春期,adolescence,400,无
青光眼,glaucoma,257,无
轻瘫,paresis,318,无
氢化可的松,hydrocortisone,369,无
清除率,clearance rate,236,C
情绪,emotion,324,无
情绪的生理反应,emotional physiological reaction,326,无
丘脑底核,subthalamic nucleus,314,无
球- 管平衡,glomerulo-tubular balance,226,无
球囊,saccule,274,无
球旁器,juxtaglomerular apparatus,214,无
球旁细胞,juxtaglomerular cell,214,无
球抑胃素,bulbogastrone,177,无
曲张体,varicosity,281,无
屈光不正,ametropia,256,无
屈肌反射,flexor reflex,310,无
躯体感觉,somatic sense,246,无
趋化性,chemotaxis,61,无
趋化因子,chemokine,61,无
去大脑僵直,decerebrate rigidity,312,无
去极化,depolarization,29,无
去甲肾上腺素,norepinephrine,125,NE
去皮层僵直,decorticate rigidity,312,无
去同步化　,desynchronization,327,无
去抑制,disinhibition,314,无
全或无,all-or-none,32,无
醛固酮,aldosterone,368,无
缺铁性贫血,iron deficiency anemia,59,无
热量限制,caloric restriction,408,CR
热舒适,thermal comfort,211,无
热习服,heat acclimatization,211,无
人催乳素,human prolactin,351,hPRL
人工呼吸,artificial respiration,138,无
人绒毛膜促性腺激素,human chorionic gonadotropin,394,hCG
人生长激素,human growth hormone,349,hGH
人胎盘催乳素,human placental lactogen,395,hPL
妊娠,pregnancy,392,无
容量感受性反射,volume receptor reflex,124,无
容量血管,capacitance vessel,106,无
容受性舒张,receptive relaxation,177,无
溶剂拖曳,solvent drag,225,无
融合现象,fusion phenomenon,266,无
蠕动,peristalsis,170,无
蠕动冲,peristaltic rush,184,无
入胞作用,endocytosis,21,无
三联体,triad,45,无
三磷酸肌醇,inositol triphosphate,3,IP
三原色学说,trichromatic theory,262,无
散光,astigmatism,256,无
散热,heat loss,206,无
搔爬反射,scratching reflex,311,无
色觉,color vision,262,无
色盲,color blindness,263,无
色弱,color weekness,263,无
伤害性感受器,nociceptor,249,无
上皮钠通道,epithelial  sodium channel,222,ENaC
上调,up-regulation,295,无
上行抑制系统,ascending inhibitory system,331,无
少突胶质细胞,oligodendrocyte,281,无
射乳反射,milk ejection reflex,355,无
射血分数,ejection fraction,82,无
射血期,ejection period,80,无
摄食中枢,feeding center,202,无
身体质量指数,body mass index,202,BMI
深吸气量,inspiratory capacity,144,IC
神经递质,neurotransmitter,292,无
神经分泌,neurocrine,9,无
神经肌肉接头,neuromuscular junction,43,无
神经胶质细胞,neuroglial cell,280,无
神经内分泌,neuroendocrine,337,无
神经肽Y　,neuropeptide Y,251,NPY
神经- 体液调节　,neurohumoral regulation,9,无
神经调节,nervous regulation,9,无
神经调质,neuromodulator,292,无
神经系统,nervous system,280,无
神经细胞,nerve cell,280,无
神经纤维,nerve fiber,281,无
神经营养因子,neurotrophic factor； neurotrophin,284,NT
神经元,neuron,280,无
神经元网络学说,theory of neuronal network,158,无
神经元型烟碱受体,neuron-type nicotinic receptor,296,无
肾单位,nephron,213,无
肾内尿素再循环,intrarenal urea recycling,226,无
肾上腺（皮质） 功能初现,adrenarche,371,无
肾上腺皮质激素,adrenocortical hormone； corticoid,368,无
肾上腺素,epinephrine,125,E
肾上腺素能神经元,adrenergic neuron,296,无
肾上腺素能受体,adrenergic receptor,297,无
肾上腺素能纤维,adrenergic fiber,297,无
肾上腺髓质素,adrenomedullin,372,ADM
肾素,renin,124,无
肾素- 血管紧张素系统　,renin-angiotensin system,124,RAS
肾糖阈,renal glucose threshold,225,无
肾- 体液控制系统　,renal-body fluid control system,129,无
肾小球,glomerulus,213,无
肾小球滤过率,glomerular filtration rate,218,GFR
肾血流量,renal blood flow,216,RBF
肾脏钾通道,renal potassium channel,224,无
渗透性利尿,osmotic diuresis,226,无
渗透压,osmotic pressure,54,无
渗透压感受器,osmoreceptor,231,无
生理无效腔,physiological dead space,146,无
生理学,physiology,1,无
生理学实验,physiology experiment,3,无
生物电,bioelectricity,28,无
生物节律,biorhythm,8,无
生长,growth,400,无
生长抑素,somatostatin,175,SST
生殖,reproduction,6,无
声阻抗,acoustic impedance,268,无
失读症,alexia,335,无
失活态　,inactivated state,36,无
失算症,acalculia,336,无
失写症,agraphia,335,无
失用症,apraxia,335,无
施万细胞,Schwann cell,281,无
时间常数,time constant,40,无
时间总和,temporal summation,42,无
食管下括约肌,lower esophageal sphincter,171,LES
食团,bolus,170,无
食物的热价,thermal equivalent of food,198,无
食物的特殊动力作用,specific  dynamic action of food,201,无
始段,initial segment,281,无
视蛋白,opsin,260,无
视杆细胞,rod cell,257,无
视后像,afterimage,266,无
视黄醛,retinene,260,无
视交叉上核,suprachiasmatic nucleus,323,SCN
视角,visual angle,265,无
视敏度,visual acuity,265,无
视色素,visual pigment,257,无
视上核,supraoptic nucleus,231,无
视网膜,retina,257,无
视野,visual field,265,无
视锥细胞,cone cell,257,无
适宜刺激,adequate stimulus,242,无
适应,adaptation,6,无
适应性,adaptability,6,无
适应性细胞保护作用,adaptive cytoprotection,174,无
室旁核,paraventricular nucleus,231,无
释放激素,releasing hormone,348,无
释放抑制激素,release-inhibiting hormone,348,无
嗜碱性粒细胞,basophil,61,无
嗜酸性粒细胞,eosinophil,61,无
收缩蛋白,contractile protein,46,无
收缩能力,contractility,49,无
收缩期,systole,79,无
收缩期末容积,end-systolic volume,82,ESV
收缩效能,performance of contraction,48,无
收缩性,contractility,90,无
收缩压,systolic pressure,110,无
收缩总和,summation of contraction,49,无
受精,fertilization,393,无
受体,receptor,22,无
受体介导入胞,receptor-mediated  endocytosis,21,无
受体酪氨酸激酶,receptor tyrosine kinase,27,RTK
瘦素,leptin,128,无
舒血管神经,vasodilator nerve,120,无
舒张期,diastole,79,无
舒张期末容积,end-diastolic volume,82,EDV
舒张压,diastolic pressure,110,无
树突,dendrite,280,无
树突棘,dendritic spine,280,无
衰老,aging,7,无
双眼视觉,binocular vision,266,无
水利尿,water diuresis,232,无
水通道,water channel,17,无
水通道蛋白,aquaporin,17,AQP
睡眠,sleep,328,无
顺向运输,anterograde transport,282,无
顺行性遗忘症,anterograde amnesia,333,无
顺应性,compliance,139,无
瞬时受体电位,transient receptor potential,243,TRP
四乙铵,tetraethylammonium,33,TEA
松弛素,relaxin,396,无
随意运动,voluntary movement,308,无
髓袢,loop of henle,213,无
梭内肌纤维,intrafusal fiber,310,无
梭外肌纤维,extrafusal fiber,310,无
缩胆囊素,cholecystokinin,177,CCK
缩宫素,oxytocin,353,OT
缩血管神经,vasoconstrictor nerve,120,无
胎盘,placenta,394,无
胎盘屏障,placental barrier,395,无
弹性阻力,elastic resistance,139,无
碳酸酐酶,carbonic anhydrase,154,CA
碳酸氢盐,bicarbonate,154,无
糖尿病,diabetes mellitus,375,无
糖皮质激素,glucocorticoid,368,GC
特异神经能量定律,law of specific nerve energy,245,无
特异性投射系统,specific projection system,305,无
体感诱发电位,somatosensory evoked potential,328,SEP
体温,body temperature,205,无
体温过低,hypothermia,206,无
体液调节,humoral regulation,9,无
天冬氨酸　,aspartic acid； aspartate,297,Asp
条件反射,conditioned reflex,299,无
调定点学说,set point theory,210,无
调节蛋白,regulatory protein,46,无
跳跃反应,hopping reaction,319,无
跳跃式传导,saltatory conduction,38,无
铁蛋白,ferritin,190,无
铁过载,iron overload,190,无
铁转运蛋白1　,ferroportin1　,190,无
听域,hearing span,266,无
听阈,hearing threshold,266,无
通气/ 血流比值　,ventilation/perfusion ratio,149,无
同步化,synchronization,327,无
同向转运,symport,20,无
同向转运体,symporter,20,无
瞳孔调节反射,pupillary accommodation reflex,255,无
瞳孔对光反射,pupillary light reflex,256,无
瞳孔近反射,near reflex of the pupil,255,无
筒箭毒碱,tubocurarine,289,无
痛觉,pain sensation,249,无
痛苦,agony,325,无
突触,synapse,280,无
突触后电位,postsynaptic potential,288,无
突触后抑制,postsynaptic inhibition,301,无
突触可塑性,synaptic plasticity,290,无
突触囊泡,synaptic vesicle,43,无
突触前受体,presynaptic receptor,294,无
突触前抑制,presynaptic inhibition,303,无
突触前易化,presynaptic facilitation,303,无
突触效能,synaptic efficiency,289,无
突触压抑,synaptic depression,290,无
突触易化,synaptic facilitation,290,无
吞噬作用,phagocytosis,21,无
吞咽,deglutition； swallowing,170,无
吞饮作用,pinocytosis,21,无
脱碘酶,deiodinase,358,无
脱氢表雄酮,dehydroepiandrosterone,371,DHEA
脱铁铁蛋白,apoferritin,190,无
椭圆囊,utricle,274,无
唾液,saliva,169,无
唾液淀粉酶,salivary amylase,169,无
外呼吸,external respiration,135,无
外泌体,exosome,23,无
外源性凝血途径,extrinsic pathway,69,无
外周化学感受器,peripheral chemoreceptor,158,无
外周静脉压,peripheral venous pressure,113,无
外周温度感受器,peripheral thermoreceptor,210,无
完全强直收缩,complete tetanus,49,无
网织红细胞,reticulocyte,59,无
微胶粒,micelle,182,无
微循环,microcirculation,115,无
围绝经期,peri-menopausal period,392,无
维生素D 受体　,vitamin D receptor,365,VDR
尾促皮质素3　,urocortin3,252,无
尾状核,caudate nucleus,314,无
位置性眼震颤,positional nystagmus,316,无
味觉,gustation,277,无
味觉物质,tastant,278,无
味蕾,taste bud,277,无
胃肠激素,gastrointestinal hormone,167,无
胃蛋白酶,pepsin,172,无
胃蛋白酶原,pepsinogen,172,无
胃黏膜屏障,gastric mucosal barrier,173,无
胃排空,gastric emptying,178,无
胃酸,gastric acid,171,无
胃液,gastric juice,171,无
稳态,homeostasis,7,无
无溶质水重吸收量,free water reabsorption,238,无
无髓鞘神经纤维,unmyelinated nerve fiber,281,无
无张力膀胱,atonic bladder,240,无
吸气,inspiration,136,无
吸气切断机制,inspiratory off-switch mechanism,158,无
吸气运动,inspiratory movement,136,无
吸收,absorption,165,无
习服,acclimatization,6,无
习惯化,habituation,291,无
细胞保护作用,cytoprotection,173,无
细胞内液,intracellular fluid,7,无
细胞衰老,cell senescence,405,无
细胞外液,extracellular fluid,7,无
下丘脑促垂体区,hypothalamic hypophysiotropic area,347,无
下丘脑调节肽　,hypothalamic regulatory peptide,348,HRP
下调,down-regulation,295,无
先天性巨结肠,congenital megacolon,167,无
纤溶酶,plasmin,72,无
纤溶酶原激活物,plasminogen activator,72,无
纤维蛋白,fibrin,69,无
纤维蛋白降解产物,fibrin degradation product,73,FDP
纤维蛋白溶解,fibrinolysis,72,无
纤维蛋白溶解酶原,plasminogen,72,无
纤维蛋白原,fibrinogen,69,无
限制性通气不足,restrictive hypoventilation,143,无
腺苷,adenosine,298,无
腺苷酸环化酶,adenylyl cyclase,24,AC
相对不应期,relative refractory period,39,RRP
消化,digestion,165,无
小管液,tubular fluid,220,无
小胶质细胞,microglia,284,无
小脑性共济失调,cerebellar ataxia,317,无
小终板电位,miniature end-plate potential,44,mEPP
协同作用,synergistic action,344,无
心泵功能,cardiac pump function,79,无
心导管检查,cardiac catheterization,87,无
心电图,electrocardiogram,101,ECG
心动周期,cardiac cycle,79,无
心房利尿钠肽,atrial natriuretic peptide,127,ANP
心房收缩期,period of atrial systole,80,无
心肺感受器,cardiopulmonary receptor,123,无
心肌等长调节,myocardial homometric regulation,86,无
心肌收缩能力,cardiac contractility,86,无
心肌异长自身调节,myocardial heterometric autoregulation,84,无
心交感传入反射,cardiac sympathetic afferent reflex,124,无
心交感紧张,cardiac sympathetic tone,120,无
心力储备,cardiac reserve,82,无
心率,heart rate,86,无
心率储备,heart rate reserve,83,无
心迷走紧张,cardiac vagal tone,120,无
心室充盈期,period of ventricular filling,81,无
心室功能曲线,ventricular function curve,83,无
心室僵硬度,ventricular stiffness,85,无
心室收缩期,period of ventricular systole,80,无
心室舒张期,period of ventricular diastole,80,无
心室舒张期末压,end-diastolic pressure,83,EDP
心室顺应性,ventricular compliance,85,无
心室压力- 容积环,ventricular pressure-volume loop,89,无
心输出量,cardiac output,82,无
心血管反射,cardiovascular reflex,122,无
心血管系统,cardiovascular system,79,无
心血管中枢,cardiovascular center,121,无
心音,heart sound,90,无
心音图,phonocardiogram,90,无
心指数,cardiac index,82,无
新陈代谢,metabolism,5,无
信号分子,signal molecule,22,无
信号转导,signal transduction,22,无
信使分子,messenger molecule,22,无
星形胶质细胞,astrocyte,284,无
行波,travelling wave,269,无
行为性体温调节,behavioral thermoregulation,209,无
兴奋,excitation,6,无
兴奋- 收缩耦联　,excitation-contraction coupling,47,无
兴奋性,excitability,6,无
兴奋性突触后电位,excitatory postsynaptic potential,289,EPSP
性成熟,sexual maturity,397,无
性行为,sexual behavior,398,无
性兴奋,sexual excitation,398,无
胸膜腔,pleural cavity,138,无
胸膜腔内压,intrapleural pressure,138,无
胸式呼吸,thoracic breathing,136,无
雄激素结合蛋白,androgen-binding protein,384,ABP
雄激素受体,androgen receptor,385,AR
雄烯二酮,androstenedione,371,无
嗅觉,olfaction,276,无
嗅敏度,olfactory acuity,277,无
悬浮稳定性,suspension stability,58,无
学习,learning,332,无
血- 睾屏障　,blood-testis barrier,384,无
血管活性肠肽,vasoactive intestinal peptide,373,VIP
血管紧张素受体,angiotensin  receptor,124,AT  receptor
血管紧张素原,angiotensinogen,124,无
血管紧张素转换酶,angiotensin-converting enzyme,124,ACE
中英文名词对照索引,vasopressin,126,VP
血管性血友病因子,von Willebrand factor,63,vWF
血管运动神经,vasomotor nerve,120,无
血红蛋白,hemoglobin,56,Hb
血浆,plasma,53,无
血浆蛋白,plasma protein,53,无
血量,blood volume,76,无
血流动力学,hemodynamics,107,无
血流量,blood flow,107,无
血流阻力,resistance to blood flow,108,无
血- 脑脊液屏障,blood-cerebrospinal fluid barrier,133,无
血- 脑屏障　,blood-brain barrier,133,无
血清,serum,70,无
血清素,serotonin,297,无
血栓烷A,thromboxane A2,64,TXA2
血细胞,blood cell,53,无
血细胞比容,hematocrit,54,Hct
血细胞渗出,diapedesis,61,无
血小板,platelet； thrombocyte,54,无
血小板分泌,platelet secretion,64,无
血小板聚集,platelet aggregation,64,无
血小板黏附,platelet adhesion,64,无
血小板生成素,thrombopoietin,66,TPO
血小板释放,platelet release,64,无
血型,blood group,73,无
血压,blood pressure,109,无
血氧饱和度,oxygen saturation of blood,152,无
血氧含量,oxygen content of blood,152,无
血氧容量,oxygen capacity of blood,152,无
血液黏滞度,blood viscosity,54,无
血液凝固,blood coagulation,67,无
血液循环,blood circulation,79,无
血友病,hemophilia,69,无
循环系统,circulation system,79,无
循环系统平均充盈压,mean circulatory filling pressure,109,无
压力感受器,baroreceptor,122,无
压力感受性反射,baroreceptor reflex,122,无
压力- 容积曲线　,pressure-volume curve,140,无
压力性利尿,pressure diuresis,129,无
烟碱受体,nicotinic receptor,296,N receptor
烟碱样作用,nicotine-like action,296,无
延髓头端腹外侧区,rostral ventrolateral medulla,121,RVLM
延髓尾端腹外侧区,caudal ventrolateral medulla,122,CVLM
盐皮质激素,mineralocorticoid,368,MC
盐酸,hydrochloric acid,171,HCl
眼内压,intra ocular pressure,257,无
眼震颤,nystagmus,275,无
氧合,oxygenation,152,无
氧合血红蛋白,oxyhemoglobin,2,HbO
氧合血红蛋白解离曲线,oxyhemoglobin dissociation curve,152,无
氧化,oxidation,152,无
氧解离曲线,oxygen dissociation curve,152,无
氧热价,thermal equivalent of oxygen,198,无
氧债,oxygen debt,163,无
痒觉,itch sensation,251,无
药物- 机械耦联　,pharmacomechanical coupling,51,无
夜盲症,nyctalopia,261,无
液态镶嵌模型,fluid mosaic model,13,无
液相入胞,fluid-phase endocytosis,21,无
腋下温度,axillary temperature,205,无
一碘酪氨酸,monoiodotyrosine,357,MIT
一期止血,first hemostasis,67,无
一氧化氮,nitric oxide,27,NO
一氧化氮合酶,nitric oxide synthase,126,NOS
一氧化碳,carbon monoxide,128,CO
依他尼酸,ethacrynic acid,222,无
胰蛋白酶,trypsin,180,无
胰蛋白酶原,trypsinogen,180,无
胰岛素,insulin,373,无
胰岛素抵抗,insulin resistance,374,无
胰岛素受体,insulin receptor,373,无
胰岛素受体底物,insulin receptor substrate,373,IRS
胰岛素样生长因子,insulin-like growth factor,349,IGF
胰岛素原,proinsulin,373,无
胰淀粉酶,pancreatic amylase,180,无
胰多肽,pancreatic polypeptide,373,PP
胰高血糖素,glucagon,373,无
胰高血糖素样肽-1,glucagon-like peptide-1,377,GLP-1
胰液,pancreatic juice,180,无
胰脂肪酶,pancreatic lipase,180,无
移行性复合运动,migrating motor complex,178,MMC
遗忘,loss of memory,333,无
疑核,nucleus ambiguus,122,无
乙酰胆碱,acetylcholine,43,ACh
乙酰胆碱敏感神经元,acetylcholine-sensitive neuron,295,无
乙酰胆碱酯酶　,acetylcholinesterase,43,AChE
乙酰唑胺,acetazolamide,224,无
异位起搏点,ectopic pacemaker,99,无
异相睡眠,paradoxical sleep,329,PS
异源性受体,heteroreceptor,294,无
抑郁,depression,325,无
抑制,inhibition,6,无
抑制激素,inhibiting hormone,348,无
抑制区,inhibitory area,311,无
抑制素,inhibin,385,无
抑制性突触后电位,inhibitory postsynaptic potential,289,IPSP
易化扩散,facilitated diffusion,15,无
易化区,facilitatory area,311,无
意向性震颤,intention tremor,317,无
酶复合物,tenase complex,69,无
阴部神经,pudendal nerve,239,无
应急反应,emergency reaction,372,无
婴儿期,infancy,400,无
营养性作用,trophic action,283,无
用力肺活量,forced vital capacity,144,FVC
用力呼气量,forced expiratory volume,144,FEV
用力呼吸,forced breathing,136,无
优势半球,dominant hemisphere,334,无
优势传导通路,preferential pathway,98,无
优势卵泡,dominant follicle,388,无
有髓鞘神经纤维,myelinated nerve fiber,281,无
有效不应期,effective refractory period,95,ERP
有效滤过压,effective  filtration pressure,117,EFP
迂回通路,circuitous channel,115,无
余气量,residual volume,144,RV
愉快,pleasure,325,无
阈刺激,threshold stimulus,37,无
阈电位,threshold potential,37,无
阈强度,threshold intensity,6,无
阈值,threshold,6,无
鸢尾素,irisin,381,无
原动力,primary force,136,无
原发性主动转运,primary active transport,18,无
原肌球蛋白,tropomyosin,45,无
原始卵泡,primordial follicle,387,无
远点,far point,255,无
远距分泌,telecrine,9,无
远曲小管,distal convoluted tubule,213,无
远视,hyperopia,256,无
月经,menstruation,390,无
月经周期,menstrual cycle,390,无
允许作用,permissive action,344,无
孕激素,progestin,388,无
孕酮,progesterone,388,P
运动单位,motor unit,49,无
运动前区,premotor area,317,无
运动失语症,motor aphasia,335,无
运动柱,motor column,318,无
再生障碍性贫血,aplastic anemia,56,无
载体,carrier,17,无
造血,hemopoiesis,56,无
造血干细胞,hemopoietic stem cell,56,HSC
造血微环境,hemopoietic microenvironment,56,无
造血祖细胞,hematopoietic progenitor cell,56,无
闸门控制理论,gate control theory,250,无
战栗产热,shivering thermogenesis,207,无
张力- 速度关系曲线　,tension-velocity relation curve,48,无
招募型受体,recruitment receptor,27,无
针刺,acupuncture,251,无
整合,integration,122,无
正常起搏点,normal pacemaker,99,无
正反馈,positive feedback,10,无
正视眼,emmetropia,256,无
正向定型,forward typing,75,无
正性变传导作用,positive  dromotropic  action,119,无
正性变力作用,positive inotropic action,119,无
正性变时作用,positive chronotropic action,119,无
支气管激发试验,bronchial provocation test,146,BPT
肢端肥大症,acromegaly,350,无
脂类激素,lipid hormone,340,无
脂联素,adiponectin,128,无
脂氧合酶,lipoxygenase,379,LOX
直肠温度,rectal temperature,205,无
直接测热法,direct calorimetry,197,无
直接动力,direct force,136,无
直接通路,direct pathway,314,无
直捷通路,thoroughfare channel,116,无
直小血管,vasa recta,214,无
止血,hemostasis,66,无
质子泵,proton pump,19,无
致密斑,macula densa,214,无
中枢化学感受器,central chemoreceptor,158,无
中枢神经系统,central nervous system,280,无
中枢温度感受器,central thermoreceptor,210,无
中枢吸气活动发生器,central inspiratory activity generator,158,无
中枢延搁　,central delay,300,无
中心静脉压,central venous pressure,113,无
中型多棘神经元,medium spiny neuron,315,MSN
中性粒细胞,neutrophil,61,无
终板电位,end-plate potential,43,EPP
终板膜,end-plate membrane,43,无
终池,terminal cisterna,44,无
重症监护病房,intensive care unit,163,ICU
周期募集,cyclic recruitment,388,无
周围神经系统,peripheral nervous system,280,无
轴浆,axoplasm,282,无
轴浆运输,axoplasmic transport,282,无
轴流,axial flow,108,无
轴丘,axon hillock,281,无
轴索,axial cord,281,无
轴突,axon,280,无
侏儒症,dwarfism,349,无
主动转运,active transport,18,无
主细胞,chief cell,171,无
转接蛋白,adaptor protein,27,无
追赶生长,catch-up growth,401,无
着床,implantation,393,无
姿势反射,postural reflex,309,无
自发脑电活动,spontaneous  electrical  activity of brain,326,无
自分泌,autocrine,9,无
自律细胞,autorhythmic cell,90,无
自律性,automaticity,90,无
自然杀伤细胞,natural killer cell,63,NK cell
自身调节,autoregulation,9,无
自身受体,autoreceptor,294,无
自体输血,autologous blood transfusion,77,无
自我更新,self renewal,56,无
自主神经系统,autonomic nervous system,319,无
自主性体温调节,autonomic thermoregulation,209,无
纵管,longitudinal tubule,44,无
纵行肌质网,longitudinal sarcoplasmic reticulum,44,LSR
阻断剂,blocker,293,无
阻塞性通气不足,obstructive hypoventilation,143,无
组胺,histamine,175,无
组织换气,gas exchange in tissue,147,无
组织液,interstitial fluid 或 tissue fluid,117,无
组织因子,tissue factor,69,TF
组织因子途径,tissue factor pathway,69,无
组织因子途径抑制物,tissue factor pathway inhibitor,72,TFPI
最大复极电位,maximum  repolarization  potential,93,MRP
最大可听阈,maximal hearing threshold,266,无
最大随意通气量,maximal voluntary ventilation,145,无
最后公路,final common path,309,无
最适初长度,optimal initial length,48,无
左心室射血分数,left ventricular ejection fraction,88,LVEF
